name,age,salary,timestamp
Roger,34,34890000,1555480527
Florida,35,75643800,1555480527
Aleena,25,17528000,1555480527
Albert,31,23045000,1555480527
Roger,34,34890000,1555480527
Florida,35,75643800,1555480527
Aleena,25,17528000,1555480527
Albert,31,23045000,1555480527
Roger,34,34890000,1555480527
Florida,35,75643800,1555480527
Aleena,25,17528000,1555480527
Albert,31,23045000,1555480527
Roger,34,34890000,1555480527
Florida,35,75643800,1555480527
Aleena,25,17528000,1555480527
Albert,31,23045000,1555480527
Roger,34,34890000,1555480527
Florida,35,75643800,1555480527
Aleena,25,17528000,1555480527
Albert,31,23045000,1555480527
Roger,34,34890000,1555480527
Florida,35,75643800,1555480527
Aleena,25,17528000,1555480527
Albert,31,23045000,1555480527
Roger,34,34890000,1555480527
Florida,35,75643800,1555480527
Aleena,25,17528000,1555480527
Albert,31,23045000,1555480527
Roger,34,34890000,1555480527
Florida,35,75643800,1555480527
Aleena,25,17528000,1555480527
Albert,31,23045000,1555480527
Roger,34,34890000,1555480527
Florida,35,75643800,1555480527
Aleena,25,17528000,1555480527
Albert,31,23045000,1555480527
Roger,34,34890000,1555480527
Florida,35,75643800,1555480527
Aleena,25,17528000,1555480527
Albert,31,23045000,1555480527
Roger,34,34890000,1555480527
Florida,35,75643800,1555480527
Aleena,25,17528000,1555480527
Albert,31,23045000,1555480527
Roger,34,34890000,1555480527
Florida,35,75643800,1555480527
Aleena,25,17528000,1555480527
Albert,31,23045000,1555480527
Roger,34,34890000,1555480527
Florida,35,75643800,1555480527
Aleena,25,17528000,1555480527
Albert,31,23045000,1555480527
Roger,34,34890000,1555480527
Florida,35,75643800,1555480527
Aleena,25,17528000,1555480527
Albert,31,23045000,1555480527
Roger,34,34890000,1555480527
Florida,35,75643800,1555480527
Aleena,25,17528000,1555480527
Albert,31,23045000,1555480527
Roger,34,34890000,1555480527
Florida,35,75643800,1555480527
Aleena,25,17528000,1555480527
Albert,31,23045000,1555480527
Roger,34,34890000,1555480527
Florida,35,75643800,1555480527
Aleena,25,17528000,1555480527
Albert,31,23045000,1555480527
Roger,34,34890000,1555480527
Florida,35,75643800,1555480527
Aleena,25,17528000,1555480527
Albert,31,23045000,1555480527
Roger,34,34890000,1555480527
Florida,35,75643800,1555480527
Aleena,25,17528000,1555480527
Albert,31,23045000,1555480527
Roger,34,34890000,1555480527
Florida,35,75643800,1555480527
Aleena,25,17528000,1555480527
Albert,31,23045000,1555480527
Roger,34,34890000,1555480527
Florida,35,75643800,1555480527
Aleena,25,17528000,1555480527
Albert,31,23045000,1555480527
Roger,34,34890000,1555480527
Florida,35,75643800,1555480527
Aleena,25,17528000,1555480527
Albert,31,23045000,1555480527
Roger,34,34890000,1555480527
Florida,35,75643800,1555480527
Aleena,25,17528000,1555480527
Albert,31,23045000,1555480527
Roger,34,34890000,1555480527
Florida,35,75643800,1555480527
Aleena,25,17528000,1555480527
Albert,31,23045000,1555480527
Roger,34,34890000,1555480527
Florida,35,75643800,1555480527
Aleena,25,17528000,1555480527
Albert,31,23045000,1555480527